<?xml version="1.0"?>
<glossary name="04">
	<term id="1">
		<trans lang="en">
			<word>sun; day; daytime</word>
		</trans>
		<trans lang="ja">
			<word>日 (4)</word>
			<alt>ニ; ニチ; び; ひ; ニッ </alt>
		</trans>
		<comment languages="en-ja">二日間 ; ふつかかん ; two days
日本 ; にほん ; Japan
日曜日 ; にちようび ; Sunday
毎日 ; まいにち ; every day
母の日 ; ははのひ ; Mother's Day
日記 ; にっき ; diary
三日 ; みっか ; three days
日本語 ; にほんご ; Japanese language
日本人 ; にほんじん ; Japanese people
月曜日 ; げつようび ; Monday
火曜日 ; かようび ; Tuesday
水曜日 ; すいようび ; Wednesday
木曜日 ; もくようび ; Thursday
金曜日 ; きにょうび ; Friday
土曜日 ; どようび ; Saturday
今日 ; きょう ; today
休日 ; きゅうじつ ; holiday
明日 ; あした ; tomorrow
日本海 ; にほんかい ; the Japan Sea
本日 ; ほんじつ ; this day; today
日本酒 ; にほんしゅ ; Japanese sake
日本史 ; にほんし ; Japanese history
日本画 ; にほんが ; a Japanese painting
春分の日 ; しゅんぶんのひ ; the vernal equinox day
秋分の日 ; しゅうぶんのひ ; the autumnal equinox day
連日 ; れんじつ ; day after day
平日 ; へいじつ ; a weekday
敬老の日 ; けいろうのひ ; Respect for the Aged Day (Sept. 15)
</comment>
	</term>
	<term id="2">
		<trans lang="en">
			<word>origin; book</word>
		</trans>
		<trans lang="ja">
			<word>本 (5)</word>
			<alt>ホン; もと </alt>
		</trans>
		<comment languages="en-ja">日本 ; にほん ; Japan
本 ; ほん ; book
日本語 ; にほんご ; Japanese language
山本さん ; やまもとさん ; Mr./Ms. Yamamoto
日本人 ; にほんじん ; Japanese people
日本海 ; にほんかい ; the Japan Sea
本屋 ; ほんや ; bookstore
本当 ; ほんとう ; really
本日 ; ほんじつ ; this day; today
日本酒 ; にほんしゅ ; Japanese sake
日本史 ; にほんし ; Japanese history
日本画 ; にほんが ; a Japanese painting
資本主義 ; しほんしゅぎ ; capitalism
資本 ; しほん ; capital; a fund
</comment>
	</term>
	<term id="3">
		<trans lang="en">
			<word>person</word>
		</trans>
		<trans lang="ja">
			<word>人 </word>
			<alt>ジン; ひと; ニン </alt>
		</trans>
		<comment languages="en-ja">日本人 ; にほんじん ; Japanese people
一人で ; ひとりで ; alone
三人 ; さんにん ; three people
女の人 ; おんなのひと ; woman
男の人 ; おとこのひと ; man
人口 ; じんこう ; population
大人 ; おとな ; adult
外国人 ; がいこくじん ; foreigner
何人 ; なんにん ; how many people
友人 ; ゆうじん ; friend
人間 ; にんげん ; human being
知人 ; ちじん ; acquaintance
一人旅 ; ひとりたび ; traveling alone
人々 ; ひとびと ; people
ご主人 ; ごしゅじん ; husband
目上の人 ; めうえのひと ; one\'s superiors
〜夫人 ; 〜ふじん ; Madam ~; Mrs. ~
数人 ; すうにん ; several people
人形 ; にんぎょう ; a doll
求人広告 ; きゅうじんこうこく ; a help wanted advertisement
紙人形 ; かみにんぎょう ; paper doll
個人 ; こじん ; an individual
老人 ; ろうじん ; an old man
美人 ; びじん ; a beautiful woman
</comment>
	</term>
	<term id="4">
		<trans lang="en">
			<word>counter for name of month; moon</word>
		</trans>
		<trans lang="ja">
			<word>月 (4)</word>
			<alt>ゲツ; ガツ; つき </alt>
		</trans>
		<comment languages="en-ja">四月 ; しがつ ; April
月曜日 ; げつようび ; Monday
一月 ; いちがつ ; January
月 ; つき ; moon
お正月 ; おしょうがつ ; New Year
</comment>
	</term>
	<term id="5">
		<trans lang="en">
			<word>fire</word>
		</trans>
		<trans lang="ja">
			<word>火 (4)</word>
			<alt>カ; ひ </alt>
		</trans>
		<comment languages="en-ja">火曜日 ; かようび ; Tuesday
火 ; ひ ; fire
火事 ; かじ ; fire
花火 ; はなび ; fireworks
消火する ; しょうかする ; to extinguish fire
消火器 ; しょうかき ; a fire extinguisher
</comment>
	</term>
	<term id="6">
		<trans lang="en">
			<word>water</word>
		</trans>
		<trans lang="ja">
			<word>水 (4)</word>
			<alt>スイ; みず </alt>
		</trans>
		<comment languages="en-ja">水曜日 ; すいようび ; Wednesday
水 ; みず ; water
水泳 ; すいえい ; swimming
水準 ; すいじゅん ; a standard
教育水準 ; きょういくすいじゅん ; level of education
水族館 ; すいぞくかん ; an aquarium
</comment>
	</term>
	<term id="7">
		<trans lang="en">
			<word>tree; wood</word>
		</trans>
		<trans lang="ja">
			<word>木 (4)</word>
			<alt>モク; き </alt>
		</trans>
		<comment languages="en-ja">木曜日 ; もくようび ; Thursday
木 ; き ; tree
</comment>
	</term>
	<term id="8">
		<trans lang="en">
			<word>gold</word>
		</trans>
		<trans lang="ja">
			<word>金 (8)</word>
			<alt>キン; かね </alt>
		</trans>
		<comment languages="en-ja">金曜日 ; きにょうび ; Friday
お金 ; おかね ; money
料金 ; りょうきん ; charge
金魚 ; きんぎょ ; goldfish
借金 ; しゃっきん ; a debt
資金 ; しきん ; funds; capital
頭金 ; あたまきん ; down payment
現金 ; げんきん ; cash
</comment>
	</term>
	<term id="9">
		<trans lang="en">
			<word>earth; soil</word>
		</trans>
		<trans lang="ja">
			<word>土 (3)</word>
			<alt>ド; つち </alt>
		</trans>
		<comment languages="en-ja">土曜日 ; どようび ; Saturday
土 ; つち ; soil
土地 ; とち ; plot of land; lot; soil
</comment>
	</term>
	<term id="10">
		<trans lang="en">
			<word>weekday</word>
		</trans>
		<trans lang="ja">
			<word>曜 (18)</word>
			<alt>ヨウ </alt>
		</trans>
		<comment languages="en-ja">日曜日 ; にちようび ; Sunday
月曜日 ; げつようび ; Monday
火曜日 ; かようび ; Tuesday
水曜日 ; すいようび ; Wednesday
木曜日 ; もくようび ; Thursday
金曜日 ; きにょうび ; Friday
土曜日 ; どようび ; Saturday
</comment>
	</term>
	<term id="11">
		<trans lang="en">
			<word>top; above; on</word>
		</trans>
		<trans lang="ja">
			<word>上 (3)</word>
			<alt>うえ; ジョウ </alt>
		</trans>
		<comment languages="en-ja">上 ; うえ ; top; above
上手な ; じょうずな ; good at
屋上 ; おくじょう ; rooftop
〜以上 ; 〜いじょう ; ... or more
目上の人 ; めうえのひと ; one\'s superiors
上映する ; じょうえいする ; to show (a movie)
上品な ; じょうひんな ; elegant
以上 ; いじょう ; more than
</comment>
	</term>
	<term id="12">
		<trans lang="en">
			<word>under; beneath; below; bottom</word>
		</trans>
		<trans lang="ja">
			<word>下 (3)</word>
			<alt>した; カ </alt>
		</trans>
		<comment languages="en-ja">下 ; した ; under
地下鉄 ; ちかてつ ; subway
下手な ; へたな ; poor at
地下 ; ちか ; underground
低下する ; ていかする ; to fall; to go down
落下する ; らっかする ; to fall; to drop
下品 ; げひん ; vulgar
以下 ; いか ; less than
</comment>
	</term>
	<term id="13">
		<trans lang="en">
			<word>inside; within</word>
		</trans>
		<trans lang="ja">
			<word>中 (4)</word>
			<alt>なか; チュウ; ジュウ </alt>
		</trans>
		<comment languages="en-ja">中 ; なか ; inside
中国 ; ちゅうごく ; China
中学 ; ちゅうがく ; junior high school
一年中 ; いちねんじゅう ; all year round
田中さん ; たなかさん ; Mr./Ms. Tanaka
中学校 ; ちゅうがこう ; junior high school
午前中 ; ごぜんちゅう ; in the morning
中古 ; ちゅうこ ; secondhand
夜中 ; よなか ; midnight
中近東 ; ちゅうきんとう ; the Middle and Near East
使用中 ; しようちゅう ; "Occupied"
世の中 ; よのなか ; the society
真ん中 ; まんなか ; center
授業中 ; じゅぎょうちゅう ; during class
中米 ; ちゅうべい ; Central America
真夜中 ; まよなか ; midnight
暑中見舞い ; しょちゅうみまい ; a summer greeting card
</comment>
	</term>
	<term id="14">
		<trans lang="en">
			<word>half</word>
		</trans>
		<trans lang="ja">
			<word>半 (5)</word>
			<alt>ハン </alt>
		</trans>
	</term>
</glossary>
