<?xml version="1.0"?>
<glossary name="05">
	<term id="1">
		<trans lang="en">
			<word>mountain</word>
		</trans>
		<trans lang="ja">
			<word>山 (3)</word>
			<alt>やま; サン </alt>
		</trans>
		<comment languages="en-ja">山本さん ; やまもとさん ; Mr./Ms. Yamamoto
山 ; やま ; mountain
富士山 ; ふじさん ; Mt. Fuji
山田さん ; やまださん ; Mr./Ms. Yamada
北山町 ; きたやままち ; Kitayama town
岩山 ; いわやま ; a rocky mountain
野山 ; のやま ; hills and fields
森山 ; まりやま ; (a Japanese surname)
</comment>
	</term>
	<term id="2">
		<trans lang="en">
			<word>river</word>
		</trans>
		<trans lang="ja">
			<word>川 (3)</word>
			<alt>かわ; がわ </alt>
		</trans>
		<comment languages="en-ja">川 ; かわ ; river
小川さん ; おがわさん ; Mr./Ms. Ogawa
川口市 ; かわぐちし ; Kawaguchi city
石川 ; いしかわ ; (a Japanese surname)
天の川 ; あまのがわ ; the Milky Way
</comment>
	</term>
	<term id="3">
		<trans lang="en">
			<word>origin</word>
		</trans>
		<trans lang="ja">
			<word>元 (4)</word>
			<alt>ゲン </alt>
		</trans>
		<comment languages="en-ja">元気な ; げんきな ; fine
</comment>
	</term>
	<term id="4">
		<trans lang="en">
			<word>spirit; mind; energy</word>
		</trans>
		<trans lang="ja">
			<word>気 (6)</word>
			<alt>キ </alt>
		</trans>
		<comment languages="en-ja">元気な ; げんきな ; fine
天気 ; てんき ; weather
電気 ; でんき ; electricity
気分が悪い ; きぶんがわるい ; to feel sick
空気 ; くうき ; air
天気図 ; てんきず ; weather map
天気予報 ; てんきよほう ; a weather forecast
病気が悪くなった ; びょうきがわるくなった ; condition (illness) became worse
</comment>
	</term>
	<term id="5">
		<trans lang="en">
			<word>I, private</word>
		</trans>
		<trans lang="ja">
			<word>私 (7)</word>
			<alt>わたし; シ </alt>
		</trans>
		<comment languages="en-ja">私 ; わたし ; I
私立大学 ; しりつだいがく ; private university
私立高校 ; しりつこうこう ; private high school
私鉄 ; してつ ; a private railroad
私立 ; しりつ ; private
</comment>
	</term>
	<term id="6">
		<trans lang="en">
			<word>now; present</word>
		</trans>
		<trans lang="ja">
			<word>今 (4)</word>
			<alt>いま; コン </alt>
		</trans>
		<comment languages="en-ja">今 ; いま ; now
今日 ; きょう ; today
今晩 ; こんばん ; tonight
今年 ; ことし ; this year
今夜 ; こんや ; tonight
今朝 ; けさ ; this morning
今度 ; こんど ; near future
今晩 ; こんばん ; tonight
</comment>
	</term>
	<term id="7">
		<trans lang="en">
			<word>rice field</word>
		</trans>
		<trans lang="ja">
			<word>田 (5)</word>
			<alt>た; だ </alt>
		</trans>
		<comment languages="en-ja">田中さん ; たなかさん ; Mr./Ms. Tanaka
山田さん ; やまださん ; Mr./Ms. Yamada
田んぼ ; たんぼ ; rice field
森田 ; もりた ; (a Japanese surname)
田畑 ; たはた ; fields of rice and crops
竹田 ; たけだ ; (a Japanese surname)
</comment>
	</term>
	<term id="8">
		<trans lang="en">
			<word>woman; girl; female</word>
		</trans>
		<trans lang="ja">
			<word>女 (3)</word>
			<alt>おんな; ジョ </alt>
		</trans>
		<comment languages="en-ja">女の人 ; おんなのひと ; woman
女性 ; じょせい ; woman
女の子 ; おんなのこ ; girl
次女 ; じじょ ; one's second daughter
彼女 ; かのじょ ; she; girlfriend
男女 ; だんじょ ; man and woman; men and women
女性用 ; じょせいよう ; for ladies
</comment>
	</term>
	<term id="9">
		<trans lang="en">
			<word>man; male</word>
		</trans>
		<trans lang="ja">
			<word>男 (7)</word>
			<alt>おとこ; ダン </alt>
		</trans>
		<comment languages="en-ja">男の人 ; おとこのひと ; man
男性 ; だんせい ; man
男の子 ; おとこのこ ; boy
長男 ; ちょうなん ; one's first son
男女 ; だんじょ ; man and woman; men and women
</comment>
	</term>
	<term id="10">
		<trans lang="en">
			<word>to see</word>
		</trans>
		<trans lang="ja">
			<word>見 (7)</word>
			<alt>み; ケン </alt>
		</trans>
		<comment languages="en-ja">見る ; みる ; to see
見物 ; けんぶつ ; sightseeing
花見 ; はなみ ; flower viewing
見送る ; みおくる ; to see someone off
暑中見舞い ; しょちゅうみまい ; a summer greeting card
意見 ; いけん ; an opinion
</comment>
	</term>
	<term id="11">
		<trans lang="en">
			<word>to go</word>
		</trans>
		<trans lang="ja">
			<word>行 (6)</word>
			<alt>い; コウ; キョウ </alt>
		</trans>
		<comment languages="en-ja">行く ; いく ; to go
一行目 ; いちぎょうめ ; first line
旅行 ; りょこう ; travel
急行 ; きゅうこう ; express train
行政 ; ぎょうせい ; administration
旅行社 ; りょこうしゃ ; travel agency
新婚旅行 ; しんこんりょこう ; a honeymoon
流行 ; りゅうこう ; fashion
旅行する ; りょこうする ; to travel
連れて行く ; つれていく ; to take (someone)
旅行者 ; りょこうしゃ ; tourist
発行 ; はっこう ; publication
銀行 ; ぎんこう ; bank
</comment>
	</term>
	<term id="12">
		<trans lang="en">
			<word>to eat</word>
		</trans>
		<trans lang="ja">
			<word>食 (9)</word>
			<alt>た; ショク </alt>
		</trans>
		<comment languages="en-ja">食べる ; たべる ; to eat
食べ物 ; たべもの ; food
食事 ; しょくじ ; meal
朝食 ; ちょうしょく ; breakfast
昼食 ; ちゅうしょく ; lunch
食堂 ; しょくどう ; dining room
定食 ; ていしょく ; a fixed menu; today's special
洋食 ; ようしょく ; Western food
和食 ; わしょく ; Japanese food
食器 ; しょっき ; tableware
食料品 ; しょくりょうひん ; food
</comment>
	</term>
	<term id="13">
		<trans lang="en">
			<word>to drink</word>
		</trans>
		<trans lang="ja">
			<word>飲 (12)</word>
			<alt>の; イン </alt>
		</trans>
		<comment languages="en-ja">飲む ; のむ ; to drink
飲み物 ; のみもの ; drink
飲酒運転 ; いんしゅうんてん ; drunken driving
</comment>
	</term>
	<term id="14">
		<trans lang="en">
			<word>heaven</word>
		</trans>
		<trans lang="ja">
			<word>天 (4)</word>
			<alt>テン </alt>
		</trans>
	</term>
</glossary>
