<?xml version="1.0"?>
<glossary name="10">
	<term id="1">
		<trans lang="en">
			<word>to live</word>
		</trans>
		<trans lang="ja">
			<word>住 (7)</word>
			<alt>す；ジュウ </alt>
		</trans>
		<comment languages="en-ja">住む ; すむ ; to live
住所 ; じゅうしょ ; address
住宅 ; じゅうたく ; housing
住宅難 ; じゅうたくなん ; housing shortage
</comment>
	</term>
	<term id="2">
		<trans lang="en">
			<word>right</word>
		</trans>
		<trans lang="ja">
			<word>正 (5)</word>
			<alt>ショウ；ただ </alt>
		</trans>
		<comment languages="en-ja">お正月 ; おしょうがつ ; New Year
正しい ; ただしい ; right
正座する ; せいざする ; to sit up straight; to sit in the formal Japanese style
正式 ; せいしき ; formal; official
正答 ; せいとう ; a correct answer
正直な ; しょうじきな ; honest
</comment>
	</term>
	<term id="3">
		<trans lang="en">
			<word>year</word>
		</trans>
		<trans lang="ja">
			<word>年 (6)</word>
			<alt>ネン；とし </alt>
		</trans>
		<comment languages="en-ja">一年生 ; いちねんせい ; first-year student
二年生 ; にねんせい ; second-year student
三年生 ; さんねんせい ; third-year student
一年中 ; いちねんじゅう ; all year round
来年 ; らいねん ; next year
今年 ; ことし ; this year
青年 ; せいねん ; youth
去年 ; きょねん ; last year
四年生 ; よねんせい ; fourth-year student
忘年会 ; ぼうねんかい ; a year-end party
</comment>
	</term>
	<term id="4">
		<trans lang="en">
			<word>to sell</word>
		</trans>
		<trans lang="ja">
			<word>売 (7)</word>
			<alt>う；バイ </alt>
		</trans>
		<comment languages="en-ja">売る ; うる ; to sell
売店 ; ばいてん ; stand; stall
売り場 ; うりば ; sales counter
商売 ; しょうばい ; trade
発売 ; はつばい ; a sale
</comment>
	</term>
	<term id="5">
		<trans lang="en">
			<word>to buy</word>
		</trans>
		<trans lang="ja">
			<word>買 (12)</word>
			<alt>か </alt>
		</trans>
		<comment languages="en-ja">買う ; かう ; to buy
買い物 ; かいもの ; shopping
</comment>
	</term>
	<term id="6">
		<trans lang="en">
			<word>town</word>
		</trans>
		<trans lang="ja">
			<word>町 (7)</word>
			<alt>まち；チョウ </alt>
		</trans>
		<comment languages="en-ja">町 ; まち ; town
北山町 ; きたやままち ; Kitayama town
町長 ; ちょうちょう ; mayor of a town
</comment>
	</term>
	<term id="7">
		<trans lang="en">
			<word>long</word>
		</trans>
		<trans lang="ja">
			<word>長 (8)</word>
			<alt>なが；チョウ </alt>
		</trans>
		<comment languages="en-ja">町長 ; ちょうちょう ; mayor of a town
長い ; ながい ; long
長男 ; ちょうなん ; one's first son
市長 ; しちょう ; mayor
長野 ; ながの ; Nagano
議長 ; ぎちょう ; a chairman
</comment>
	</term>
	<term id="8">
		<trans lang="en">
			<word>way</word>
		</trans>
		<trans lang="ja">
			<word>道 (12)</word>
			<alt>みち；ドウ </alt>
		</trans>
		<comment languages="en-ja">道 ; みち ; way; road
書道 ; しょどう ; calligraphy
北海道 ; ほっかいどう ; Hokkaido
柔道 ; じゅうどう ; judo
神道 ; しんとう ; Shinto religion
赤道 ; せきどう ; the equator
鉄道 ; てつどう ; a railroad
道路 ; どうろ ; a road; a street
高速道路 ; こうそくどうろ ; highway; freeway
東海道線 ; とうかいどうせん ; the Tokaido line
道具 ; どうぐ ; a tool; an instrument
報道 ; ほうどう ; news
歩道橋 ; ほどうきょう ; a pedestrian bridge
</comment>
	</term>
	<term id="9">
		<trans lang="en">
			<word>snow</word>
		</trans>
		<trans lang="ja">
			<word>雪 (11)</word>
			<alt>ゆき；セツ </alt>
		</trans>
		<comment languages="en-ja">雪 ; ゆき ; snow
新雪 ; しんせつ ; new snow
</comment>
	</term>
	<term id="10">
		<trans lang="en">
			<word>to stand</word>
		</trans>
		<trans lang="ja">
			<word>立 (5)</word>
			<alt>た；リツ </alt>
		</trans>
		<comment languages="en-ja">私立大学 ; しりつだいがく ; private university
立つ ; たつ ; to stand
国立大学 ; こくりつだいがく ; national university
私立高校 ; しりつこうこう ; private high school
起立する ; きりつする ; to stand up
公立 ; こうりつ ; public
公立学校 ; こうりつがっこう ; public school
国立 ; こくりつ ; national
立場 ; たちば ; a standpoint
私立 ; しりつ ; private
</comment>
	</term>
	<term id="11">
		<trans lang="en">
			<word>self</word>
		</trans>
		<trans lang="ja">
			<word>自 (6)</word>
			<alt>ジ </alt>
		</trans>
		<comment languages="en-ja">自分 ; じぶん ; oneself
自転車 ; じてんしゃ ; bicycle
自動車 ; じどうしゃ ; automobile
自宅 ; じたく ; my house
自信 ; じしん ; self-confidence
自由 ; じゆう ; freedom; liberty
</comment>
	</term>
	<term id="12">
		<trans lang="en">
			<word>night</word>
		</trans>
		<trans lang="ja">
			<word>夜 (8)</word>
			<alt>よる；よ；ヤ </alt>
		</trans>
		<comment languages="en-ja">夜 ; よる ; night
夜中 ; よなか ; midnight
今夜 ; こんや ; tonight
真夜中 ; まよなか ; midnight
深夜 ; しんや ; midnight
</comment>
	</term>
	<term id="13">
		<trans lang="en">
			<word>morning</word>
		</trans>
		<trans lang="ja">
			<word>朝 (12)</word>
			<alt>あさ；チョウ </alt>
		</trans>
		<comment languages="en-ja">朝 ; あさ ; morning
今朝 ; けさ ; this morning
朝食 ; ちょうしょく ; breakfast
早朝 ; そうちょう ; early morning
朝ご飯 ; あさごはん ; breakfast
</comment>
	</term>
	<term id="14">
		<trans lang="en">
			<word>to hold</word>
		</trans>
		<trans lang="ja">
			<word>持 (9)</word>
			<alt>も；ジ </alt>
		</trans>
	</term>
</glossary>
