<?xml version="1.0"?>
<glossary id="0" name="日本語初歩 03">
  <term id="1">
    <trans lang="en">
      <word>telephone, phone, phone call</word>
    </trans>
    <trans lang="ja">
      <word>電話</word>
      <alt>でんわ</alt>
    </trans>
    <comment languages="en-ja">teléfono</comment>
  </term>
  <term id="2">
    <trans lang="en">
      <word>television, TV</word>
    </trans>
    <trans lang="ja">
      <word>テレビ</word>
      <alt>テレビ</alt>
    </trans>
    <comment languages="en-ja">televisión</comment>
  </term>
  <term id="3">
    <trans lang="en">
      <word>bed</word>
    </trans>
    <trans lang="ja">
      <word>ベッド</word>
      <alt>ベッド</alt>
    </trans>
    <comment languages="en-ja">cama</comment>
  </term>
  <term id="4">
    <trans lang="en">
      <word>room</word>
    </trans>
    <trans lang="ja">
      <word>部屋</word>
      <alt>へや</alt>
    </trans>
    <comment languages="en-ja">habitación</comment>
  </term>
  <term id="5">
    <trans lang="en">
      <word>kitchen</word>
    </trans>
    <trans lang="ja">
      <word>台所</word>
      <alt>だいどころ</alt>
    </trans>
    <comment languages="en-ja">cocina</comment>
  </term>
  <term id="6">
    <trans lang="en">
      <word>refrigerator, fridge</word>
    </trans>
    <trans lang="ja">
      <word>冷蔵庫</word>
      <alt>れいぞうこ</alt>
    </trans>
    <comment languages="en-ja">nevera, refrigerador</comment>
  </term>
  <term id="7">
    <trans lang="en">
      <word>in, inside (N) +</word>
    </trans>
    <trans lang="ja">
      <word>中</word>
      <alt>なか</alt>
    </trans>
    <comment languages="en-ja">medio, centro, interior</comment>
  </term>
  <term id="8">
    <trans lang="en">
      <word>vegetable</word>
    </trans>
    <trans lang="ja">
      <word>野菜</word>
      <alt>やさい</alt>
    </trans>
    <comment languages="en-ja">verdura</comment>
  </term>
  <term id="9">
    <trans lang="en">
      <word>fruit</word>
    </trans>
    <trans lang="ja">
      <word>果物</word>
      <alt>くだもの</alt>
    </trans>
    <comment languages="en-ja">fruta</comment>
  </term>
  <term id="10">
    <trans lang="en">
      <word>milk</word>
    </trans>
    <trans lang="ja">
      <word>牛乳</word>
      <alt>ぎゅうにゅう</alt>
    </trans>
    <comment languages="en-ja">leche (de vaca)</comment>
  </term>
  <term id="11">
    <trans lang="en">
      <word>egg</word>
    </trans>
    <trans lang="ja">
      <word>卵</word>
      <alt>たまご</alt>
    </trans>
    <comment languages="en-ja">huevo</comment>
  </term>
  <term id="12">
    <trans lang="en">
      <word>meal, (cooked) rice</word>
    </trans>
    <trans lang="ja">
      <word>御飯</word>
      <alt>ごはん</alt>
    </trans>
    <comment languages="en-ja">arroz, comida</comment>
  </term>
  <term id="13">
    <trans lang="en">
      <word>beside (N)</word>
    </trans>
    <trans lang="ja">
      <word>側</word>
      <alt>そば</alt>
    </trans>
    <comment languages="en-ja">al lado de</comment>
  </term>
  <term id="14">
    <trans lang="en">
      <word>cupboard</word>
    </trans>
    <trans lang="ja">
      <word>戸棚</word>
      <alt>とだな</alt>
    </trans>
    <comment languages="en-ja">armario</comment>
  </term>
  <term id="15">
    <trans lang="en">
      <word>on, over, above (N)   +</word>
    </trans>
    <trans lang="ja">
      <word>上</word>
      <alt>うえ</alt>
    </trans>
    <comment languages="en-ja">arriba, encima</comment>
  </term>
  <term id="16">
    <trans lang="en">
      <word>hospital</word>
    </trans>
    <trans lang="ja">
      <word>病院</word>
      <alt>びょういん</alt>
    </trans>
    <comment languages="en-ja">hospital</comment>
  </term>
  <term id="17">
    <trans lang="en">
      <word>factory</word>
    </trans>
    <trans lang="ja">
      <word>工場</word>
      <alt>こうじょう</alt>
    </trans>
    <comment languages="en-ja">fábrica</comment>
  </term>
  <term id="18">
    <trans lang="en">
      <word>school</word>
    </trans>
    <trans lang="ja">
      <word>学校</word>
      <alt>がっこう</alt>
    </trans>
    <comment languages="en-ja">escuela</comment>
  </term>
  <term id="19">
    <trans lang="en">
      <word>classroom</word>
    </trans>
    <trans lang="ja">
      <word>教室</word>
      <alt>きょうしつ</alt>
    </trans>
    <comment languages="en-ja">aula</comment>
  </term>
  <term id="20">
    <trans lang="en">
      <word>(train) station</word>
    </trans>
    <trans lang="ja">
      <word>駅</word>
      <alt>えき</alt>
    </trans>
    <comment languages="en-ja">estación de tren</comment>
  </term>
  <term id="21">
    <trans lang="en">
      <word>post office</word>
    </trans>
    <trans lang="ja">
      <word>郵便局</word>
      <alt>ゆうびんきょく</alt>
    </trans>
    <comment languages="en-ja">oficina de correos</comment>
  </term>
  <term id="22">
    <trans lang="en">
      <word>mountain</word>
    </trans>
    <trans lang="ja">
      <word>山</word>
      <alt>やま</alt>
    </trans>
    <comment languages="en-ja">montaña</comment>
  </term>
  <term id="23">
    <trans lang="en">
      <word>under, beneath, below (N) +</word>
    </trans>
    <trans lang="ja">
      <word>下</word>
      <alt>した</alt>
    </trans>
    <comment languages="en-ja">abajo, debajo</comment>
  </term>
  <term id="24">
    <trans lang="en">
      <word>river</word>
    </trans>
    <trans lang="ja">
      <word>川</word>
      <alt>かわ</alt>
    </trans>
    <comment languages="en-ja">río</comment>
  </term>
  <term id="25">
    <trans lang="en">
      <word>opposite, other side (N)</word>
    </trans>
    <trans lang="ja">
      <word>向う</word>
      <alt>むこう</alt>
    </trans>
    <comment languages="en-ja">otro lado</comment>
  </term>
  <term id="26">
    <trans lang="en">
      <word>scissors</word>
    </trans>
    <trans lang="ja">
      <word>鋏</word>
      <alt>はさみ</alt>
    </trans>
    <comment languages="en-ja">tijeras</comment>
  </term>
  <term id="27">
    <trans lang="en">
      <word>knife</word>
    </trans>
    <trans lang="ja">
      <word>ナイフ</word>
      <alt>ナイフ</alt>
    </trans>
    <comment languages="en-ja">cuchillo</comment>
  </term>
  <term id="28">
    <trans lang="en">
      <word>notebook</word>
    </trans>
    <trans lang="ja">
      <word>ノート</word>
      <alt>ノート</alt>
    </trans>
    <comment languages="en-ja">cuaderno</comment>
  </term>
  <term id="29">
    <trans lang="en">
      <word>fountain pen</word>
    </trans>
    <trans lang="ja">
      <word>万年筆</word>
      <alt>まんねんひつ</alt>
    </trans>
    <comment languages="en-ja">pluma estilográfica</comment>
  </term>
  <term id="30">
    <trans lang="en">
      <word>eraser</word>
    </trans>
    <trans lang="ja">
      <word>消しゴム</word>
      <alt>けしゴム</alt>
    </trans>
    <comment languages="en-ja">goma de borrar</comment>
  </term>
  <term id="31">
    <trans lang="en">
      <word>paper</word>
    </trans>
    <trans lang="ja">
      <word>紙</word>
      <alt>かみ</alt>
    </trans>
    <comment languages="en-ja">papel</comment>
  </term>
  <term id="32">
    <trans lang="en">
      <word>Tokyo (Jap. capital)</word>
    </trans>
    <trans lang="ja">
      <word>東京</word>
      <alt>とうきょう</alt>
    </trans>
    <comment languages="en-ja">Tokio</comment>
  </term>
  <term id="33">
    <trans lang="en">
      <word>Osaka</word>
    </trans>
    <trans lang="ja">
      <word>大阪</word>
      <alt>おおさか</alt>
    </trans>
    <comment languages="en-ja">Osaka</comment>
  </term>
  <term id="34">
    <trans lang="en">
      <word>Kyoto</word>
    </trans>
    <trans lang="ja">
      <word>京都</word>
      <alt>きょうと</alt>
    </trans>
    <comment languages="en-ja">Kioto</comment>
  </term>
  <term id="35">
    <trans lang="en">
      <word>this place, here</word>
    </trans>
    <trans lang="ja">
      <word>此処</word>
      <alt>ここ</alt>
    </trans>
    <comment languages="en-ja">aquí</comment>
  </term>
  <term id="36">
    <trans lang="en">
      <word>that place, there (near you)</word>
    </trans>
    <trans lang="ja">
      <word>其処</word>
      <alt>そこ</alt>
    </trans>
    <comment languages="en-ja">allí</comment>
  </term>
  <term id="37">
    <trans lang="en">
      <word>that place, there (over there)</word>
    </trans>
    <trans lang="ja">
      <word>あそこ</word>
      <alt>あそこ</alt>
    </trans>
    <comment languages="en-ja">allá</comment>
  </term>
  <term id="38">
    <trans lang="en">
      <word>what</word>
    </trans>
    <trans lang="ja">
      <word>何</word>
      <alt>なに</alt>
    </trans>
    <comment languages="en-ja">qué</comment>
  </term>
  <term id="39">
    <trans lang="en">
      <word>which place?, where?</word>
    </trans>
    <trans lang="ja">
      <word>何処</word>
      <alt>どこ</alt>
    </trans>
    <comment languages="en-ja">dónde</comment>
  </term>
  <term id="40">
    <trans lang="en">
      <word>exist, have; be (s.th. inanimate in a place)</word>
    </trans>
    <trans lang="ja">
      <word>ある（あります）</word>
      <alt>ある（あります）</alt>
    </trans>
    <comment languages="en-ja">haber</comment>
  </term>
  <term id="41">
    <trans lang="en">
      <word>nothing (with -ve), anything in a neg. sentence</word>
    </trans>
    <trans lang="ja">
      <word>何も</word>
      <alt>なにも</alt>
    </trans>
    <comment languages="en-ja">nada más</comment>
  </term>
  <term id="42">
    <trans lang="en">
      <word>something</word>
    </trans>
    <trans lang="ja">
      <word>何か</word>
      <alt>なにか</alt>
    </trans>
    <comment languages="en-ja">algo</comment>
  </term>
  <term id="43">
    <trans lang="en">
      <word>and, and</word>
    </trans>
    <trans lang="ja">
      <word>や</word>
      <alt>や</alt>
    </trans>
    <comment languages="en-ja">y...y...(etc)</comment>
  </term>
  <term id="44">
    <trans lang="en">
      <word>etc.</word>
    </trans>
    <trans lang="ja">
      <word>等</word>
      <alt>など</alt>
    </trans>
    <comment languages="en-ja">(y...y...) etcétera</comment>
  </term>
</glossary>
