<?xml version="1.0"?>
<glossary id="0" name="日本語初歩 02">
  <term id="1">
    <trans lang="en">
      <word>desk</word>
    </trans>
    <trans lang="ja">
      <word>机</word>
      <alt>つくえ</alt>
    </trans>
    <comment languages="en-ja">mesa, pupitre</comment>
  </term>
  <term id="2">
    <trans lang="en">
      <word>chair</word>
    </trans>
    <trans lang="ja">
      <word>椅子</word>
      <alt>いす</alt>
    </trans>
    <comment languages="en-ja">silla</comment>
  </term>
  <term id="3">
    <trans lang="en">
      <word>electricity, (electric) light</word>
    </trans>
    <trans lang="ja">
      <word>電気</word>
      <alt>でんき</alt>
    </trans>
    <comment languages="en-ja">electricidad, lámpara</comment>
  </term>
  <term id="4">
    <trans lang="en">
      <word>book</word>
    </trans>
    <trans lang="ja">
      <word>本</word>
      <alt>ほん</alt>
    </trans>
    <comment languages="en-ja">libro</comment>
  </term>
  <term id="5">
    <trans lang="en">
      <word>pencil</word>
    </trans>
    <trans lang="ja">
      <word>鉛筆</word>
      <alt>えんぴつ</alt>
    </trans>
    <comment languages="en-ja">lápiz</comment>
  </term>
  <term id="6">
    <trans lang="en">
      <word>newspaper</word>
    </trans>
    <trans lang="ja">
      <word>新聞</word>
      <alt>しんぶん</alt>
    </trans>
    <comment languages="en-ja">periódico</comment>
  </term>
  <term id="7">
    <trans lang="en">
      <word>clock, watch</word>
    </trans>
    <trans lang="ja">
      <word>時計</word>
      <alt>とけい</alt>
    </trans>
    <comment languages="en-ja">reloj</comment>
  </term>
  <term id="8">
    <trans lang="en">
      <word>radio</word>
    </trans>
    <trans lang="ja">
      <word>ラジオ</word>
      <alt>ラジオ</alt>
    </trans>
    <comment languages="en-ja">radio</comment>
  </term>
  <term id="9">
    <trans lang="en">
      <word>shoe</word>
    </trans>
    <trans lang="ja">
      <word>靴</word>
      <alt>くつ</alt>
    </trans>
    <comment languages="en-ja">zapatos</comment>
  </term>
  <term id="10">
    <trans lang="en">
      <word>sandal(s)</word>
    </trans>
    <trans lang="ja">
      <word>サンダル</word>
      <alt>サンダル</alt>
    </trans>
    <comment languages="en-ja">sandalias</comment>
  </term>
  <term id="11">
    <trans lang="en">
      <word>home</word>
    </trans>
    <trans lang="ja">
      <word>家</word>
      <alt>うち</alt>
    </trans>
    <comment languages="en-ja">casa, hogar</comment>
  </term>
  <term id="12">
    <trans lang="en">
      <word>electric train, train</word>
    </trans>
    <trans lang="ja">
      <word>電車</word>
      <alt>でんしゃ</alt>
    </trans>
    <comment languages="en-ja">tren</comment>
  </term>
  <term id="13">
    <trans lang="en">
      <word>umbrella</word>
    </trans>
    <trans lang="ja">
      <word>傘</word>
      <alt>かさ</alt>
    </trans>
    <comment languages="en-ja">paraguas</comment>
  </term>
  <term id="14">
    <trans lang="en">
      <word>hat, cap</word>
    </trans>
    <trans lang="ja">
      <word>帽子</word>
      <alt>ぼうし</alt>
    </trans>
    <comment languages="en-ja">sombrero</comment>
  </term>
  <term id="15">
    <trans lang="en">
      <word>car, automobile</word>
    </trans>
    <trans lang="ja">
      <word>自動車</word>
      <alt>じどうしゃ</alt>
    </trans>
    <comment languages="en-ja">automóvil</comment>
  </term>
  <term id="16">
    <trans lang="en">
      <word>case, briefcase</word>
    </trans>
    <trans lang="ja">
      <word>鞄</word>
      <alt>かばん</alt>
    </trans>
    <comment languages="en-ja">maletín</comment>
  </term>
  <term id="17">
    <trans lang="en">
      <word>handbag</word>
    </trans>
    <trans lang="ja">
      <word>ハンドバッグ</word>
      <alt>ハンドバッグ</alt>
    </trans>
    <comment languages="en-ja">bolso</comment>
  </term>
  <term id="18">
    <trans lang="en">
      <word>sock(s)</word>
    </trans>
    <trans lang="ja">
      <word>靴下</word>
      <alt>くつした</alt>
    </trans>
    <comment languages="en-ja">calcetines</comment>
  </term>
  <term id="19">
    <trans lang="en">
      <word>tie</word>
    </trans>
    <trans lang="ja">
      <word>ネクタイ</word>
      <alt>ネクタイ</alt>
    </trans>
    <comment languages="en-ja">corbata</comment>
  </term>
  <term id="20">
    <trans lang="en">
      <word>slipper(s)</word>
    </trans>
    <trans lang="ja">
      <word>スリッパ</word>
      <alt>スリッパ</alt>
    </trans>
    <comment languages="en-ja">zapatillas</comment>
  </term>
  <term id="21">
    <trans lang="en">
      <word>glasses</word>
    </trans>
    <trans lang="ja">
      <word>眼鏡</word>
      <alt>めがね</alt>
    </trans>
    <comment languages="en-ja">gafas</comment>
  </term>
  <term id="22">
    <trans lang="en">
      <word>shirt</word>
    </trans>
    <trans lang="ja">
      <word>シャツ</word>
      <alt>シャツ</alt>
    </trans>
    <comment languages="en-ja">camisa</comment>
  </term>
  <term id="23">
    <trans lang="en">
      <word>jacket</word>
    </trans>
    <trans lang="ja">
      <word>上着</word>
      <alt>うわぎ</alt>
    </trans>
    <comment languages="en-ja">chaqueta</comment>
  </term>
  <term id="24">
    <trans lang="en">
      <word>trousers, pants</word>
    </trans>
    <trans lang="ja">
      <word>ズボン</word>
      <alt>ズボン</alt>
    </trans>
    <comment languages="en-ja">pantalón</comment>
  </term>
  <term id="25">
    <trans lang="en">
      <word>skirt</word>
    </trans>
    <trans lang="ja">
      <word>スカート</word>
      <alt>スカート</alt>
    </trans>
    <comment languages="en-ja">falda</comment>
  </term>
  <term id="26">
    <trans lang="en">
      <word>this, this thing</word>
    </trans>
    <trans lang="ja">
      <word>これ</word>
      <alt>これ</alt>
    </trans>
    <comment languages="en-ja">aquí</comment>
  </term>
  <term id="27">
    <trans lang="en">
      <word>that, that thing (near you)</word>
    </trans>
    <trans lang="ja">
      <word>それ</word>
      <alt>それ</alt>
    </trans>
    <comment languages="en-ja">ahí</comment>
  </term>
  <term id="28">
    <trans lang="en">
      <word>that, that thing (over there)</word>
    </trans>
    <trans lang="ja">
      <word>あれ</word>
      <alt>あれ</alt>
    </trans>
    <comment languages="en-ja">allí</comment>
  </term>
  <term id="29">
    <trans lang="en">
      <word>what?</word>
    </trans>
    <trans lang="ja">
      <word>何</word>
      <alt>なん</alt>
    </trans>
    <comment languages="en-ja">qué</comment>
  </term>
  <term id="30">
    <trans lang="en">
      <word>which?, which thing?</word>
    </trans>
    <trans lang="ja">
      <word>どれ</word>
      <alt>どれ</alt>
    </trans>
    <comment languages="en-ja">cuál</comment>
  </term>
</glossary>
