<?xml version="1.0"?>
<glossary name="13">
	<term id="1">
		<trans lang="en">
			<word>thing</word>
		</trans>
		<trans lang="ja">
			<word>物 (8)</word>
			<alt>もの；ブシ </alt>
		</trans>
		<comment languages="en-ja">見物 ; けんぶつ ; sightseeing
食べ物 ; たべもの ; food
飲み物 ; のみもの ; drink
買い物 ; かいもの ; shopping
物 ; もの ; thing
動物 ; どうぶつ ; animal
着物 ; きもの ; kimono
動物 ; どうぶつ ; animal
乗り物 ; のりもの ; vechicle
建物 ; たてもの ; building
荷物 ; にもつ ; baggage; luggage
生物学 ; せいぶつがく ; biology
手荷物 ; てにもつ ; hand luggage; hand baggage
動物園 ; どうぶつえん ; a zoo
博物館 ; はくぶつかん ; museum
果物 ; くだもの ; fruit
品物 ; しなもも ; goods; articles
物価 ; ぶっか ; commodity prices
忘れ物 ; わすれもの ; a thing left behind
</comment>
	</term>
	<term id="2">
		<trans lang="en">
			<word>bird</word>
		</trans>
		<trans lang="ja">
			<word>鳥 (11)</word>
			<alt>とり；チョウ </alt>
		</trans>
		<comment languages="en-ja">鳥 ; とり ; bird
焼き鳥 ; やきとり ; grilled chicken
白鳥 ; はくちょう ; swan
</comment>
	</term>
	<term id="3">
		<trans lang="en">
			<word>ingredients; fare</word>
		</trans>
		<trans lang="ja">
			<word>料 (10)</word>
			<alt>リョウ </alt>
		</trans>
		<comment languages="en-ja">料理 ; りょうり ; cooking
料金 ; りょうきん ; charge
給料 ; きゅうりょう ; salary
授業料 ; じゅぎょうりょう ; tuition; school fees
材料 ; ざいりょう ; ingredients
原料 ; げんりょう ; raw material
送料 ; そうりょう ; postage
資料 ; しりょう ; data; materials
食料品 ; しょくりょうひん ; food
</comment>
	</term>
	<term id="4">
		<trans lang="en">
			<word>reason</word>
		</trans>
		<trans lang="ja">
			<word>理 (11)</word>
			<alt>リ </alt>
		</trans>
		<comment languages="en-ja">料理 ; りょうり ; cooking
理由 ; りゆう ; reason
無理 ; むり ; impossible
心理学 ; しんりがく ; psychology
真理 ; しんり ; truth
理論 ; りろん ; a theory
論理 ; ろんり ; logic
</comment>
	</term>
	<term id="5">
		<trans lang="en">
			<word>special</word>
		</trans>
		<trans lang="ja">
			<word>特 (10)</word>
			<alt>トク；トッ </alt>
		</trans>
		<comment languages="en-ja">特に ; とくに ; especially
特別な ; とくべつな ; special
特急電車 ; とっきゅうでんしゃ ; super express train
特急 ; ときゅう ; a special express
特色 ; とくしょく ; a characteristic
</comment>
	</term>
	<term id="6">
		<trans lang="en">
			<word>cheap; ease</word>
		</trans>
		<trans lang="ja">
			<word>安 (6)</word>
			<alt>やす；アン </alt>
		</trans>
		<comment languages="en-ja">安い ; やすい ; cheap
安心 ; あんしん ; relief
不安な ; ふあんな ; uneasy
安いツアー ; やすいツアー ; cheap tour
</comment>
	</term>
	<term id="7">
		<trans lang="en">
			<word>food; cooked rice</word>
		</trans>
		<trans lang="ja">
			<word>飯 (12)</word>
			<alt>ハン </alt>
		</trans>
		<comment languages="en-ja">ご飯 ; ごはん ; rice; meal
朝ご飯 ; あさごはん ; breakfast
昼ご飯 ; ひるごはん ; lunch
晩ご飯 ; ばんごはん ; supper; dinner
</comment>
	</term>
	<term id="8">
		<trans lang="en">
			<word>meat</word>
		</trans>
		<trans lang="ja">
			<word>肉 (6)</word>
			<alt>ニク </alt>
		</trans>
		<comment languages="en-ja">牛肉 ; ぎゅうにく ; beef
肉 ; にく ; meat
牛肉 ; ぎゅうにく ; beef
肉屋 ; にくや ; meat shop
</comment>
	</term>
	<term id="9">
		<trans lang="en">
			<word>bad; wrong</word>
		</trans>
		<trans lang="ja">
			<word>悪 (11)</word>
			<alt>わる；アク </alt>
		</trans>
		<comment languages="en-ja">悪い ; わるい ; bad
気分が悪い ; きぶんがわるい ; to feel sick
最悪 ; さいあく ; the worst
悪魔 ; あくま ; devil
悪口 ; わるくち ; speaking ill of
悪化する ; あっかする ; to change for the worse
悪性の ; あくせいの ; malignant
病気が悪くなった ; びょうきがわるくなった ; condition (illness) became worse
</comment>
	</term>
	<term id="10">
		<trans lang="en">
			<word>body</word>
		</trans>
		<trans lang="ja">
			<word>体 (7)</word>
			<alt>からだ；タイ </alt>
		</trans>
		<comment languages="en-ja">体 ; からだ ; body
体重 ; たいしゅう ; body weight
体操 ; たいそう ; gymnastics; physical exercises
体育 ; たいいく ; physical education
体育館 ; たいいくかん ; gymnasium
体温計 ; たいおんけい ; medical thermometer
</comment>
	</term>
	<term id="11">
		<trans lang="en">
			<word>sky; empty</word>
		</trans>
		<trans lang="ja">
			<word>空 (8)</word>
			<alt>クウ；そら；あ；から </alt>
		</trans>
		<comment languages="en-ja">空港 ; くうこう ; airport
空気 ; くうき ; air
空 ; そら ; sky
空く ; あく ; to be vacant
空手 ; からて ; karate
航空便 ; こうくうびん ; air mail
</comment>
	</term>
	<term id="12">
		<trans lang="en">
			<word>port; harbor</word>
		</trans>
		<trans lang="ja">
			<word>港 (12)</word>
			<alt>コウ；みなと </alt>
		</trans>
		<comment languages="en-ja">空港 ; くうこう ; airport
神戸港 ; こうべこう ; Kobe Port
港 ; みなと ; port
</comment>
	</term>
	<term id="13">
		<trans lang="en">
			<word>to reach; to wear</word>
		</trans>
		<trans lang="ja">
			<word>着 (12)</word>
			<alt>つき；チャク </alt>
		</trans>
		<comment languages="en-ja">着く ; つく ; to arrive
着る ; きる ; to wear
着物 ; きもの ; kimono
大阪着 ; おおさかちゃく ; arriving at Osaka
試着室 ; しちゃくしつ ; a dressing room
到着する ; とうちゃくする ; to arrive
</comment>
	</term>
	<term id="14">
		<trans lang="en">
			<word>same</word>
		</trans>
		<trans lang="ja">
			<word>同 (6)</word>
			<alt>おな；ドウ </alt>
		</trans>
		<comment languages="en-ja">同じ ; おなじ ; same
同時 ; どうじ ; same time; simultaneous
同情する ; どうじょうする ; to sympathize
同意する ; どういする ; to agree
〜に賛同する ; 〜にさんどうする ; to approve of ~
共同 ; きょうどう ; cooperation
</comment>
	</term>
	<term id="15">
		<trans lang="en">
			<word>sea</word>
		</trans>
		<trans lang="ja">
			<word>海 (9)</word>
			<alt>うみ；カイ </alt>
		</trans>
		<comment languages="en-ja">北海道 ; ほっかいどう ; Hokkaido
海 ; うみ ; sea
日本海 ; にほんかい ; the Japan Sea
海外 ; かいがい ; overseas
東海道線 ; とうかいどうせん ; the Tokaido line
</comment>
	</term>
	<term id="16">
		<trans lang="en">
			<word>noon; daytime</word>
		</trans>
		<trans lang="ja">
			<word>昼 (9)</word>
			<alt>ひる；チュウ </alt>
		</trans>
	</term>
</glossary>
