<?xml version="1.0"?>
<glossary id="0" name="New glossary">
  <term id="1">
    <trans lang="en">
      <word>apple</word>
    </trans>
    <trans lang="ja">
      <word>林檎</word>
      <alt>りんご</alt>
    </trans>
    <comment languages="en-ja">manzana</comment>
  </term>
  <term id="2">
    <trans lang="en">
      <word>thirty, 30</word>
    </trans>
    <trans lang="ja">
      <word>三十</word>
      <alt>さんじゅう</alt>
    </trans>
    <comment languages="en-ja">30, treinta</comment>
  </term>
  <term id="3">
    <trans lang="en">
      <word>one, 1</word>
    </trans>
    <trans lang="ja">
      <word>一つ</word>
      <alt>ひとつ</alt>
    </trans>
    <comment languages="en-ja">1, uno</comment>
  </term>
  <term id="4">
    <trans lang="en">
      <word>two, 2</word>
    </trans>
    <trans lang="ja">
      <word>二つ</word>
      <alt>ふたつ</alt>
    </trans>
    <comment languages="en-ja">2, dos</comment>
  </term>
  <term id="5">
    <trans lang="en">
      <word>three, 3</word>
    </trans>
    <trans lang="ja">
      <word>三つ</word>
      <alt>みっつ</alt>
    </trans>
    <comment languages="en-ja">3, tres</comment>
  </term>
  <term id="6">
    <trans lang="en">
      <word>four, 4</word>
    </trans>
    <trans lang="ja">
      <word>四つ</word>
      <alt>よっつ</alt>
    </trans>
    <comment languages="en-ja">4, cuatro</comment>
  </term>
  <term id="7">
    <trans lang="en">
      <word>five, 5</word>
    </trans>
    <trans lang="ja">
      <word>五つ</word>
      <alt>いつつ</alt>
    </trans>
    <comment languages="en-ja">5, cinco</comment>
  </term>
  <term id="8">
    <trans lang="en">
      <word>six, 6</word>
    </trans>
    <trans lang="ja">
      <word>六つ</word>
      <alt>むっつ</alt>
    </trans>
    <comment languages="en-ja">6, seis</comment>
  </term>
  <term id="9">
    <trans lang="en">
      <word>seven, 7</word>
    </trans>
    <trans lang="ja">
      <word>七つ</word>
      <alt>ななつ</alt>
    </trans>
    <comment languages="en-ja">7, siete</comment>
  </term>
  <term id="10">
    <trans lang="en">
      <word>eight, 8</word>
    </trans>
    <trans lang="ja">
      <word>八つ</word>
      <alt>やっつ</alt>
    </trans>
    <comment languages="en-ja">8, ocho</comment>
  </term>
  <term id="11">
    <trans lang="en">
      <word>nine, 9</word>
    </trans>
    <trans lang="ja">
      <word>九つ</word>
      <alt>ここのつ</alt>
    </trans>
    <comment languages="en-ja">9, nueve</comment>
  </term>
  <term id="12">
    <trans lang="en">
      <word>ten, 10</word>
    </trans>
    <trans lang="ja">
      <word>十</word>
      <alt>とお</alt>
    </trans>
    <comment languages="en-ja">10, diez</comment>
  </term>
  <term id="13">
    <trans lang="en">
      <word>1, one</word>
    </trans>
    <trans lang="ja">
      <word>一</word>
      <alt>いち</alt>
    </trans>
    <comment languages="en-ja">1, uno</comment>
  </term>
  <term id="14">
    <trans lang="en">
      <word>2, two</word>
    </trans>
    <trans lang="ja">
      <word>二</word>
      <alt>に</alt>
    </trans>
    <comment languages="en-ja">2, dos</comment>
  </term>
  <term id="15">
    <trans lang="en">
      <word>3, three</word>
    </trans>
    <trans lang="ja">
      <word>三</word>
      <alt>さん</alt>
    </trans>
    <comment languages="en-ja">3, tres</comment>
  </term>
  <term id="16">
    <trans lang="en">
      <word>4, four</word>
    </trans>
    <trans lang="ja">
      <word>四</word>
      <alt>よん, し</alt>
    </trans>
    <comment languages="en-ja">4, cuatro</comment>
  </term>
  <term id="17">
    <trans lang="en">
      <word>5, five</word>
    </trans>
    <trans lang="ja">
      <word>五</word>
      <alt>ご</alt>
    </trans>
    <comment languages="en-ja">5, cinco</comment>
  </term>
  <term id="18">
    <trans lang="en">
      <word>6, six</word>
    </trans>
    <trans lang="ja">
      <word>六</word>
      <alt>たず</alt>
    </trans>
    <comment languages="en-ja">6, seis</comment>
  </term>
  <term id="19">
    <trans lang="en">
      <word>7, seven</word>
    </trans>
    <trans lang="ja">
      <word>七</word>
      <alt>しち, なな</alt>
    </trans>
    <comment languages="en-ja">7, siete</comment>
  </term>
  <term id="20">
    <trans lang="en">
      <word>8, eight</word>
    </trans>
    <trans lang="ja">
      <word>八</word>
      <alt>はち</alt>
    </trans>
    <comment languages="en-ja">8, ocho</comment>
  </term>
  <term id="21">
    <trans lang="en">
      <word>9, nine</word>
    </trans>
    <trans lang="ja">
      <word>九</word>
      <alt>く, くゅう</alt>
    </trans>
    <comment languages="en-ja">9, nueve</comment>
  </term>
  <term id="22">
    <trans lang="en">
      <word>10, ten</word>
    </trans>
    <trans lang="ja">
      <word>十</word>
      <alt>じゅう</alt>
    </trans>
    <comment languages="en-ja">10, diez</comment>
  </term>
  <term id="23">
    <trans lang="en">
      <word>mandarin, Japanese orange</word>
    </trans>
    <trans lang="ja">
      <word>蜜柑</word>
      <alt>みかん</alt>
    </trans>
    <comment languages="en-ja">mandarina, clementina</comment>
  </term>
  <term id="24">
    <trans lang="en">
      <word>child</word>
    </trans>
    <trans lang="ja">
      <word>子供</word>
      <alt>こども</alt>
    </trans>
    <comment languages="en-ja">niño</comment>
  </term>
  <term id="25">
    <trans lang="en">
      <word>child</word>
    </trans>
    <trans lang="ja">
      <word>子</word>
      <alt>こ</alt>
    </trans>
    <comment languages="en-ja">niño</comment>
  </term>
  <term id="26">
    <trans lang="en">
      <word>one (person), alone (by oneself)</word>
    </trans>
    <trans lang="ja">
      <word>一人</word>
      <alt>ひとり</alt>
    </trans>
    <comment languages="en-ja">una persona, solo</comment>
  </term>
  <term id="27">
    <trans lang="en">
      <word>two (persons)</word>
    </trans>
    <trans lang="ja">
      <word>二人</word>
      <alt>ふたり</alt>
    </trans>
    <comment languages="en-ja">dos personas, en pareja</comment>
  </term>
  <term id="28">
    <trans lang="en">
      <word>everyone</word>
    </trans>
    <trans lang="ja">
      <word>皆</word>
      <alt>みんな</alt>
    </trans>
    <comment languages="en-ja">todos</comment>
  </term>
  <term id="29">
    <trans lang="en">
      <word>elementary school, primary school</word>
    </trans>
    <trans lang="ja">
      <word>小学校</word>
      <alt>しょうがっこう</alt>
    </trans>
    <comment languages="en-ja">escuela elemental</comment>
  </term>
  <term id="30">
    <trans lang="en">
      <word>pupil</word>
    </trans>
    <trans lang="ja">
      <word>生徒</word>
      <alt>せいと</alt>
    </trans>
    <comment languages="en-ja">alumno</comment>
  </term>
  <term id="31">
    <trans lang="en">
      <word>teacup, rice bowl</word>
    </trans>
    <trans lang="ja">
      <word>茶碗</word>
      <alt>ちゃわん</alt>
    </trans>
    <comment languages="en-ja">cuenco para arroz</comment>
  </term>
  <term id="32">
    <trans lang="en">
      <word>postcard</word>
    </trans>
    <trans lang="ja">
      <word>葉書</word>
      <alt>はがき</alt>
    </trans>
    <comment languages="en-ja">tarjeta (postal)</comment>
  </term>
  <term id="33">
    <trans lang="en">
      <word>envelope</word>
    </trans>
    <trans lang="ja">
      <word>封筒</word>
      <alt>ふうとう</alt>
    </trans>
    <comment languages="en-ja">sobre (postal)</comment>
  </term>
  <term id="34">
    <trans lang="en">
      <word>(postage) stamp</word>
    </trans>
    <trans lang="ja">
      <word>切手</word>
      <alt>きって</alt>
    </trans>
    <comment languages="en-ja">sello (postal)</comment>
  </term>
  <term id="35">
    <trans lang="en">
      <word>plate</word>
    </trans>
    <trans lang="ja">
      <word>皿</word>
      <alt>さら</alt>
    </trans>
    <comment languages="en-ja">plato</comment>
  </term>
  <term id="36">
    <trans lang="en">
      <word>handkerchief</word>
    </trans>
    <trans lang="ja">
      <word>ハンカチ</word>
      <alt>ハンカチ</alt>
    </trans>
    <comment languages="en-ja">pañuelo</comment>
  </term>
  <term id="37">
    <trans lang="en">
      <word>bicycle, bike</word>
    </trans>
    <trans lang="ja">
      <word>自転車</word>
      <alt>じてんしゃ</alt>
    </trans>
    <comment languages="en-ja">bicicleta</comment>
  </term>
  <term id="38">
    <trans lang="en">
      <word>typewriter</word>
    </trans>
    <trans lang="ja">
      <word>タイプライター</word>
      <alt>タイプライター</alt>
    </trans>
    <comment languages="en-ja">máquina de escribir</comment>
  </term>
  <term id="39">
    <trans lang="en">
      <word>camera</word>
    </trans>
    <trans lang="ja">
      <word>カメラ</word>
      <alt>カメラ</alt>
    </trans>
    <comment languages="en-ja">cámara</comment>
  </term>
  <term id="40">
    <trans lang="en">
      <word>magazine</word>
    </trans>
    <trans lang="ja">
      <word>雑誌</word>
      <alt>ざっし</alt>
    </trans>
    <comment languages="en-ja">revista</comment>
  </term>
  <term id="41">
    <trans lang="en">
      <word>bottle</word>
    </trans>
    <trans lang="ja">
      <word>瓶</word>
      <alt>びん</alt>
    </trans>
    <comment languages="en-ja">botella</comment>
  </term>
  <term id="42">
    <trans lang="en">
      <word>banana</word>
    </trans>
    <trans lang="ja">
      <word>バナナ</word>
      <alt>バナナ</alt>
    </trans>
    <comment languages="en-ja">banana, plátano (tipo Canarias)</comment>
  </term>
  <term id="43">
    <trans lang="en">
      <word>cigarette</word>
    </trans>
    <trans lang="ja">
      <word>煙草</word>
      <alt>たばこ</alt>
    </trans>
    <comment languages="en-ja">cigarrillos, tabaco (か)</comment>
  </term>
  <term id="44">
    <trans lang="en">
      <word>insect</word>
    </trans>
    <trans lang="ja">
      <word>虫</word>
      <alt>むし</alt>
    </trans>
    <comment languages="en-ja">insecto</comment>
  </term>
  <term id="45">
    <trans lang="en">
      <word>sparrow</word>
    </trans>
    <trans lang="ja">
      <word>雀</word>
      <alt>すずめ</alt>
    </trans>
    <comment languages="en-ja">gorrión</comment>
  </term>
  <term id="46">
    <trans lang="en">
      <word>dove</word>
    </trans>
    <trans lang="ja">
      <word>鳩</word>
      <alt>はと</alt>
    </trans>
    <comment languages="en-ja">paloma, pichón</comment>
  </term>
  <term id="47">
    <trans lang="en">
      <word>how many?</word>
    </trans>
    <trans lang="ja">
      <word>幾つ</word>
      <alt>いくつ</alt>
    </trans>
    <comment languages="en-ja">cuántos (か)</comment>
  </term>
  <term id="48">
    <trans lang="en">
      <word>red</word>
    </trans>
    <trans lang="ja">
      <word>赤い</word>
      <alt>あかい</alt>
    </trans>
    <comment languages="en-ja">colorado, rojo</comment>
  </term>
  <term id="49">
    <trans lang="en">
      <word>blue, green</word>
    </trans>
    <trans lang="ja">
      <word>青い</word>
      <alt>あおい</alt>
    </trans>
    <comment languages="en-ja">azul claro, verde pálido</comment>
  </term>
  <term id="50">
    <trans lang="en">
      <word>white</word>
    </trans>
    <trans lang="ja">
      <word>白い</word>
      <alt>しろい</alt>
    </trans>
    <comment languages="en-ja">blanco</comment>
  </term>
  <term id="51">
    <trans lang="en">
      <word>black</word>
    </trans>
    <trans lang="ja">
      <word>黒い</word>
      <alt>くろい</alt>
    </trans>
    <comment languages="en-ja">negro</comment>
  </term>
  <term id="52">
    <trans lang="en">
      <word>yellow</word>
    </trans>
    <trans lang="ja">
      <word>黄色い</word>
      <alt>きいろい</alt>
    </trans>
    <comment languages="en-ja">amarillo</comment>
  </term>
  <term id="53">
    <trans lang="en">
      <word>many, much, lots of</word>
    </trans>
    <trans lang="ja">
      <word>沢山</word>
      <alt>たくさん</alt>
    </trans>
    <comment languages="en-ja">mucho (か)</comment>
  </term>
  <term id="54">
    <trans lang="en">
      <word>many (people)</word>
    </trans>
    <trans lang="ja">
      <word>大勢</word>
      <alt>おおぜい</alt>
    </trans>
    <comment languages="en-ja">muchas (personas)</comment>
  </term>
  <term id="55">
    <trans lang="en">
      <word>a little</word>
    </trans>
    <trans lang="ja">
      <word>少し</word>
      <alt>すこし</alt>
    </trans>
    <comment languages="en-ja">un poco</comment>
  </term>
  <term id="56">
    <trans lang="en">
      <word>so, that way</word>
    </trans>
    <trans lang="ja">
      <word>そう</word>
      <alt>そう</alt>
    </trans>
    <comment languages="en-ja">así, de esa manera</comment>
  </term>
  <term id="57">
    <trans lang="en">
      <word>only, nothing but (with -ve)</word>
    </trans>
    <trans lang="ja">
      <word>しか</word>
      <alt>しか</alt>
    </trans>
    <comment languages="en-ja">solamente</comment>
  </term>
  <term id="58">
    <trans lang="en">
      <word># persons</word>
    </trans>
    <trans lang="ja">
      <word>～人</word>
      <alt>じん、にん</alt>
    </trans>
    <comment languages="en-ja">(sufijo para contar personas)</comment>
  </term>
  <term id="59">
    <trans lang="en">
      <word>-s (plural suffix, for some nouns)</word>
    </trans>
    <trans lang="ja">
      <word>～達</word>
      <alt>たち</alt>
    </trans>
    <comment languages="en-ja">(sufijo de plural para seres vivos)</comment>
  </term>
  <term id="60">
    <trans lang="en">
      <word># sheets, # flat things</word>
    </trans>
    <trans lang="ja">
      <word>～枚</word>
      <alt>まい</alt>
    </trans>
    <comment languages="en-ja">(sufijo para contar objetos planos)</comment>
  </term>
  <term id="61">
    <trans lang="en">
      <word># machines, # vehicles</word>
    </trans>
    <trans lang="ja">
      <word>～台</word>
      <alt>だい</alt>
    </trans>
    <comment languages="en-ja">(sufijo para contar máquinas)</comment>
  </term>
  <term id="62">
    <trans lang="en">
      <word># volumes, # books</word>
    </trans>
    <trans lang="ja">
      <word>～冊</word>
      <alt>さつ</alt>
    </trans>
    <comment languages="en-ja">(sufijo para contar libros)</comment>
  </term>
  <term id="63">
    <trans lang="en">
      <word># sticks, # cylindrical objects</word>
    </trans>
    <trans lang="ja">
      <word>～本</word>
      <alt>ほん</alt>
    </trans>
    <comment languages="en-ja">(sufijo para contar objetos largos)</comment>
  </term>
  <term id="64">
    <trans lang="en">
      <word># pairs (of footwear)</word>
    </trans>
    <trans lang="ja">
      <word>～足</word>
      <alt>そく</alt>
    </trans>
    <comment languages="en-ja">(sufijo para contar pares de zapatos)</comment>
  </term>
  <term id="65">
    <trans lang="en">
      <word># animals</word>
    </trans>
    <trans lang="ja">
      <word>～匹</word>
      <alt>ひき</alt>
    </trans>
    <comment languages="en-ja">(sufijo para contar animales pequeños)</comment>
  </term>
  <term id="66">
    <trans lang="en">
      <word># birds</word>
    </trans>
    <trans lang="ja">
      <word>～羽</word>
      <alt>わ</alt>
    </trans>
    <comment languages="en-ja">(sufijo para contar aves)</comment>
  </term>
  <term id="67">
    <trans lang="en">
      <word># buildings</word>
    </trans>
    <trans lang="ja">
      <word>～軒</word>
      <alt>けん</alt>
    </trans>
    <comment languages="en-ja">(sufijo para contar casas)</comment>
  </term>
</glossary>
