<?xml version="1.0"?>
<glossary id="0" name="New glossary">
  <term id="1">
    <trans lang="en">
      <word>behind (N)</word>
    </trans>
    <trans lang="ja">
      <word>後ろ</word>
      <alt>うしろ</alt>
    </trans>
    <comment languages="en-ja">detrás</comment>
  </term>
  <term id="2">
    <trans lang="en">
      <word>garden</word>
    </trans>
    <trans lang="ja">
      <word>庭</word>
      <alt>にわ</alt>
    </trans>
    <comment languages="en-ja">jardín</comment>
  </term>
  <term id="3">
    <trans lang="en">
      <word>tree, wood</word>
    </trans>
    <trans lang="ja">
      <word>木</word>
      <alt>き</alt>
    </trans>
    <comment languages="en-ja">árbol, madera</comment>
  </term>
  <term id="4">
    <trans lang="en">
      <word>pond</word>
    </trans>
    <trans lang="ja">
      <word>池</word>
      <alt>いけ</alt>
    </trans>
    <comment languages="en-ja">piscina, estanque</comment>
  </term>
  <term id="5">
    <trans lang="en">
      <word>bird</word>
    </trans>
    <trans lang="ja">
      <word>鳥</word>
      <alt>とり</alt>
    </trans>
    <comment languages="en-ja">ave, pollo</comment>
  </term>
  <term id="6">
    <trans lang="en">
      <word>fish</word>
    </trans>
    <trans lang="ja">
      <word>魚</word>
      <alt>さかな</alt>
    </trans>
    <comment languages="en-ja">pez, pescado</comment>
  </term>
  <term id="7">
    <trans lang="en">
      <word>office (room)</word>
    </trans>
    <trans lang="ja">
      <word>事務室</word>
      <alt>じむしつ</alt>
    </trans>
    <comment languages="en-ja">despacho</comment>
  </term>
  <term id="8">
    <trans lang="en">
      <word>before, in front of (N)</word>
    </trans>
    <trans lang="ja">
      <word>前</word>
      <alt>まえ</alt>
    </trans>
    <comment languages="en-ja">delante</comment>
  </term>
  <term id="9">
    <trans lang="en">
      <word>dog</word>
    </trans>
    <trans lang="ja">
      <word>犬</word>
      <alt>いぬ</alt>
    </trans>
    <comment languages="en-ja">perro</comment>
  </term>
  <term id="10">
    <trans lang="en">
      <word>cat</word>
    </trans>
    <trans lang="ja">
      <word>猫</word>
      <alt>ねこ</alt>
    </trans>
    <comment languages="en-ja">gato</comment>
  </term>
  <term id="11">
    <trans lang="en">
      <word>goldfish</word>
    </trans>
    <trans lang="ja">
      <word>金魚</word>
      <alt>きんぎょ</alt>
    </trans>
    <comment languages="en-ja">pez de colores</comment>
  </term>
  <term id="12">
    <trans lang="en">
      <word>chicken, hen</word>
    </trans>
    <trans lang="ja">
      <word>鶏</word>
      <alt>にわとり</alt>
    </trans>
    <comment languages="en-ja">pollo, ave de corral</comment>
  </term>
  <term id="13">
    <trans lang="en">
      <word>building</word>
    </trans>
    <trans lang="ja">
      <word>建物</word>
      <alt>たてもの</alt>
    </trans>
    <comment languages="en-ja">edificio</comment>
  </term>
  <term id="14">
    <trans lang="en">
      <word>library</word>
    </trans>
    <trans lang="ja">
      <word>図書館</word>
      <alt>としょかん</alt>
    </trans>
    <comment languages="en-ja">biblioteca</comment>
  </term>
  <term id="15">
    <trans lang="en">
      <word>toilet</word>
    </trans>
    <trans lang="ja">
      <word>トイレ</word>
      <alt>トイレ</alt>
    </trans>
    <comment languages="en-ja">w.c.</comment>
  </term>
  <term id="16">
    <trans lang="en">
      <word>East</word>
    </trans>
    <trans lang="ja">
      <word>東</word>
      <alt>ひがし</alt>
    </trans>
    <comment languages="en-ja">este, oriente</comment>
  </term>
  <term id="17">
    <trans lang="en">
      <word>West</word>
    </trans>
    <trans lang="ja">
      <word>西</word>
      <alt>にし</alt>
    </trans>
    <comment languages="en-ja">oeste, occidente</comment>
  </term>
  <term id="18">
    <trans lang="en">
      <word>South</word>
    </trans>
    <trans lang="ja">
      <word>南</word>
      <alt>みなみ</alt>
    </trans>
    <comment languages="en-ja">sur</comment>
  </term>
  <term id="19">
    <trans lang="en">
      <word>North</word>
    </trans>
    <trans lang="ja">
      <word>北</word>
      <alt>きた</alt>
    </trans>
    <comment languages="en-ja">norte</comment>
  </term>
  <term id="20">
    <trans lang="en">
      <word>gate</word>
    </trans>
    <trans lang="ja">
      <word>門</word>
      <alt>もん</alt>
    </trans>
    <comment languages="en-ja">puerta, portal</comment>
  </term>
  <term id="21">
    <trans lang="en">
      <word>where?, which side?</word>
    </trans>
    <trans lang="ja">
      <word>どちら</word>
      <alt>どちら</alt>
    </trans>
    <comment languages="en-ja">por dónde</comment>
  </term>
  <term id="22">
    <trans lang="en">
      <word>here, this side</word>
    </trans>
    <trans lang="ja">
      <word>こちら</word>
      <alt>こちら</alt>
    </trans>
    <comment languages="en-ja">por aquí</comment>
  </term>
  <term id="23">
    <trans lang="en">
      <word>there, that side (near you)</word>
    </trans>
    <trans lang="ja">
      <word>そちら</word>
      <alt>そちら</alt>
    </trans>
    <comment languages="en-ja">por ahí</comment>
  </term>
  <term id="24">
    <trans lang="en">
      <word>there, that side (over there)</word>
    </trans>
    <trans lang="ja">
      <word>あちら</word>
      <alt>あちら</alt>
    </trans>
    <comment languages="en-ja">por allí</comment>
  </term>
  <term id="25">
    <trans lang="en">
      <word>be (s.th. animate in a place)</word>
    </trans>
    <trans lang="ja">
      <word>居る（居ます）</word>
      <alt>いる（います）</alt>
    </trans>
    <comment languages="en-ja">ser (cortesía)(para seres)</comment>
  </term>
  <term id="26">
    <trans lang="en">
      <word>someone (hon.)</word>
    </trans>
    <trans lang="ja">
      <word>何方か</word>
      <alt>どなたか</alt>
    </trans>
    <comment languages="en-ja">alguien</comment>
  </term>
  <term id="27">
    <trans lang="en">
      <word>no one (with -ve, hon.), anyone in a neg. sentence</word>
    </trans>
    <trans lang="ja">
      <word>何方も</word>
      <alt>どなたも</alt>
    </trans>
    <comment languages="en-ja">nadie</comment>
  </term>
  <term id="28">
    <trans lang="en">
      <word>(to) somewhere</word>
    </trans>
    <trans lang="ja">
      <word>何処かに</word>
      <alt>どこかに</alt>
    </trans>
    <comment languages="en-ja">por algún sitio</comment>
  </term>
  <term id="29">
    <trans lang="en">
      <word>(to) nowhere (with -ve)</word>
    </trans>
    <trans lang="ja">
      <word>何処にも</word>
      <alt>どこにも</alt>
    </trans>
    <comment languages="en-ja">por ningún sitio</comment>
  </term>
</glossary>
