<?xml version='1.0'?>

<glossary name='日本語初歩 03' id='0'>
  <term id='1'>
    <trans lang='en'>
      <word>telephone, phone, phone call</word>
    </trans>
    <trans lang='ja'>
      <word>電話</word>
      <alt>でんわ</alt>
    </trans>
    
  <trans lang='es'>
      <word>teléfono</word>
    </trans>
  </term>
  <term id='2'>
    <trans lang='en'>
      <word>television, TV</word>
    </trans>
    <trans lang='ja'>
      <word>テレビ</word>
      <alt>テレビ</alt>
    </trans>
    
  <trans lang='es'>
      <word>televisión</word>
    </trans>
  </term>
  <term id='3'>
    <trans lang='en'>
      <word>bed</word>
    </trans>
    <trans lang='ja'>
      <word>ベッド</word>
      <alt>ベッド</alt>
    </trans>
    
  <trans lang='es'>
      <word>cama</word>
    </trans>
  </term>
  <term id='4'>
    <trans lang='en'>
      <word>room</word>
    </trans>
    <trans lang='ja'>
      <word>部屋</word>
      <alt>へや</alt>
    </trans>
    
  <trans lang='es'>
      <word>habitación</word>
    </trans>
  </term>
  <term id='5'>
    <trans lang='en'>
      <word>kitchen</word>
    </trans>
    <trans lang='ja'>
      <word>台所</word>
      <alt>だいどころ</alt>
    </trans>
    
  <trans lang='es'>
      <word>cocina</word>
    </trans>
  </term>
  <term id='6'>
    <trans lang='en'>
      <word>refrigerator, fridge</word>
    </trans>
    <trans lang='ja'>
      <word>冷蔵庫</word>
      <alt>れいぞうこ</alt>
    </trans>
    
  <trans lang='es'>
      <word>nevera, refrigerador</word>
    </trans>
  </term>
  <term id='7'>
    <trans lang='en'>
      <word>in, inside (N) +</word>
    </trans>
    <trans lang='ja'>
      <word>中</word>
      <alt>なか</alt>
    </trans>
    
  <trans lang='es'>
      <word>medio, centro, interior</word>
    </trans>
  </term>
  <term id='8'>
    <trans lang='en'>
      <word>vegetable</word>
    </trans>
    <trans lang='ja'>
      <word>野菜</word>
      <alt>やさい</alt>
    </trans>
    
  <trans lang='es'>
      <word>verdura</word>
    </trans>
  </term>
  <term id='9'>
    <trans lang='en'>
      <word>fruit</word>
    </trans>
    <trans lang='ja'>
      <word>果物</word>
      <alt>くだもの</alt>
    </trans>
    
  <trans lang='es'>
      <word>fruta</word>
    </trans>
  </term>
  <term id='10'>
    <trans lang='en'>
      <word>milk</word>
    </trans>
    <trans lang='ja'>
      <word>牛乳</word>
      <alt>ぎゅうにゅう</alt>
    </trans>
    
  <trans lang='es'>
      <word>leche (de vaca)</word>
    </trans>
  </term>
  <term id='11'>
    <trans lang='en'>
      <word>egg</word>
    </trans>
    <trans lang='ja'>
      <word>卵</word>
      <alt>たまご</alt>
    </trans>
    
  <trans lang='es'>
      <word>huevo</word>
    </trans>
  </term>
  <term id='12'>
    <trans lang='en'>
      <word>meal, (cooked) rice</word>
    </trans>
    <trans lang='ja'>
      <word>御飯</word>
      <alt>ごはん</alt>
    </trans>
    
  <trans lang='es'>
      <word>arroz, comida</word>
    </trans>
  </term>
  <term id='13'>
    <trans lang='en'>
      <word>beside (N)</word>
    </trans>
    <trans lang='ja'>
      <word>側</word>
      <alt>そば</alt>
    </trans>
    
  <trans lang='es'>
      <word>al lado de</word>
    </trans>
  </term>
  <term id='14'>
    <trans lang='en'>
      <word>cupboard</word>
    </trans>
    <trans lang='ja'>
      <word>戸棚</word>
      <alt>とだな</alt>
    </trans>
    
  <trans lang='es'>
      <word>armario</word>
    </trans>
  </term>
  <term id='15'>
    <trans lang='en'>
      <word>on, over, above (N)   +</word>
    </trans>
    <trans lang='ja'>
      <word>上</word>
      <alt>うえ</alt>
    </trans>
    
  <trans lang='es'>
      <word>arriba, encima</word>
    </trans>
  </term>
  <term id='16'>
    <trans lang='en'>
      <word>hospital</word>
    </trans>
    <trans lang='ja'>
      <word>病院</word>
      <alt>びょういん</alt>
    </trans>
    
  <trans lang='es'>
      <word>hospital</word>
    </trans>
  </term>
  <term id='17'>
    <trans lang='en'>
      <word>factory</word>
    </trans>
    <trans lang='ja'>
      <word>工場</word>
      <alt>こうじょう</alt>
    </trans>
    
  <trans lang='es'>
      <word>fábrica</word>
    </trans>
  </term>
  <term id='18'>
    <trans lang='en'>
      <word>school</word>
    </trans>
    <trans lang='ja'>
      <word>学校</word>
      <alt>がっこう</alt>
    </trans>
    
  <trans lang='es'>
      <word>escuela</word>
    </trans>
  </term>
  <term id='19'>
    <trans lang='en'>
      <word>classroom</word>
    </trans>
    <trans lang='ja'>
      <word>教室</word>
      <alt>きょうしつ</alt>
    </trans>
    
  <trans lang='es'>
      <word>aula</word>
    </trans>
  </term>
  <term id='20'>
    <trans lang='en'>
      <word>(train) station</word>
    </trans>
    <trans lang='ja'>
      <word>駅</word>
      <alt>えき</alt>
    </trans>
    
  <trans lang='es'>
      <word>estación de tren</word>
    </trans>
  </term>
  <term id='21'>
    <trans lang='en'>
      <word>post office</word>
    </trans>
    <trans lang='ja'>
      <word>郵便局</word>
      <alt>ゆうびんきょく</alt>
    </trans>
    
  <trans lang='es'>
      <word>oficina de correos</word>
    </trans>
  </term>
  <term id='22'>
    <trans lang='en'>
      <word>mountain</word>
    </trans>
    <trans lang='ja'>
      <word>山</word>
      <alt>やま</alt>
    </trans>
    
  <trans lang='es'>
      <word>montaña</word>
    </trans>
  </term>
  <term id='23'>
    <trans lang='en'>
      <word>under, beneath, below (N) +</word>
    </trans>
    <trans lang='ja'>
      <word>下</word>
      <alt>した</alt>
    </trans>
    
  <trans lang='es'>
      <word>abajo, debajo</word>
    </trans>
  </term>
  <term id='24'>
    <trans lang='en'>
      <word>river</word>
    </trans>
    <trans lang='ja'>
      <word>川</word>
      <alt>かわ</alt>
    </trans>
    
  <trans lang='es'>
      <word>río</word>
    </trans>
  </term>
  <term id='25'>
    <trans lang='en'>
      <word>opposite, other side (N)</word>
    </trans>
    <trans lang='ja'>
      <word>向う</word>
      <alt>むこう</alt>
    </trans>
    
  <trans lang='es'>
      <word>otro lado</word>
    </trans>
  </term>
  <term id='26'>
    <trans lang='en'>
      <word>scissors</word>
    </trans>
    <trans lang='ja'>
      <word>鋏</word>
      <alt>はさみ</alt>
    </trans>
    
  <trans lang='es'>
      <word>tijeras</word>
    </trans>
  </term>
  <term id='27'>
    <trans lang='en'>
      <word>knife</word>
    </trans>
    <trans lang='ja'>
      <word>ナイフ</word>
      <alt>ナイフ</alt>
    </trans>
    
  <trans lang='es'>
      <word>cuchillo</word>
    </trans>
  </term>
  <term id='28'>
    <trans lang='en'>
      <word>notebook</word>
    </trans>
    <trans lang='ja'>
      <word>ノート</word>
      <alt>ノート</alt>
    </trans>
    
  <trans lang='es'>
      <word>cuaderno</word>
    </trans>
  </term>
  <term id='29'>
    <trans lang='en'>
      <word>fountain pen</word>
    </trans>
    <trans lang='ja'>
      <word>万年筆</word>
      <alt>まんねんひつ</alt>
    </trans>
    
  <trans lang='es'>
      <word>pluma estilográfica</word>
    </trans>
  </term>
  <term id='30'>
    <trans lang='en'>
      <word>eraser</word>
    </trans>
    <trans lang='ja'>
      <word>消しゴム</word>
      <alt>けしゴム</alt>
    </trans>
    
  <trans lang='es'>
      <word>goma de borrar</word>
    </trans>
  </term>
  <term id='31'>
    <trans lang='en'>
      <word>paper</word>
    </trans>
    <trans lang='ja'>
      <word>紙</word>
      <alt>かみ</alt>
    </trans>
    
  <trans lang='es'>
      <word>papel</word>
    </trans>
  </term>
  <term id='32'>
    <trans lang='en'>
      <word>Tokyo (Jap. capital)</word>
    </trans>
    <trans lang='ja'>
      <word>東京</word>
      <alt>とうきょう</alt>
    </trans>
    
  <trans lang='es'>
      <word>Tokio</word>
    </trans>
  </term>
  <term id='33'>
    <trans lang='en'>
      <word>Osaka</word>
    </trans>
    <trans lang='ja'>
      <word>大阪</word>
      <alt>おおさか</alt>
    </trans>
    
  <trans lang='es'>
      <word>Osaka</word>
    </trans>
  </term>
  <term id='34'>
    <trans lang='en'>
      <word>Kyoto</word>
    </trans>
    <trans lang='ja'>
      <word>京都</word>
      <alt>きょうと</alt>
    </trans>
    
  <trans lang='es'>
      <word>Kioto</word>
    </trans>
  </term>
  <term id='35'>
    <trans lang='en'>
      <word>this place, here</word>
    </trans>
    <trans lang='ja'>
      <word>此処</word>
      <alt>ここ</alt>
    </trans>
    
  <trans lang='es'>
      <word>aquí</word>
    </trans>
  </term>
  <term id='36'>
    <trans lang='en'>
      <word>that place, there (near you)</word>
    </trans>
    <trans lang='ja'>
      <word>其処</word>
      <alt>そこ</alt>
    </trans>
    
  <trans lang='es'>
      <word>allí</word>
    </trans>
  </term>
  <term id='37'>
    <trans lang='en'>
      <word>that place, there (over there)</word>
    </trans>
    <trans lang='ja'>
      <word>あそこ</word>
      <alt>あそこ</alt>
    </trans>
    
  <trans lang='es'>
      <word>allá</word>
    </trans>
  </term>
  <term id='38'>
    <trans lang='en'>
      <word>what</word>
    </trans>
    <trans lang='ja'>
      <word>何</word>
      <alt>なに</alt>
    </trans>
    
  <trans lang='es'>
      <word>qué</word>
    </trans>
  </term>
  <term id='39'>
    <trans lang='en'>
      <word>which place?, where?</word>
    </trans>
    <trans lang='ja'>
      <word>何処</word>
      <alt>どこ</alt>
    </trans>
    
  <trans lang='es'>
      <word>dónde</word>
    </trans>
  </term>
  <term id='40'>
    <trans lang='en'>
      <word>exist, have; be (s.th. inanimate in a place)</word>
    </trans>
    <trans lang='ja'>
      <word>ある（あります）</word>
      <alt>ある（あります）</alt>
    </trans>
    
  <trans lang='es'>
      <word>haber</word>
    </trans>
  </term>
  <term id='41'>
    <trans lang='en'>
      <word>nothing (with -ve), anything in a neg. sentence</word>
    </trans>
    <trans lang='ja'>
      <word>何も</word>
      <alt>なにも</alt>
    </trans>
    
  <trans lang='es'>
      <word>nada más</word>
    </trans>
  </term>
  <term id='42'>
    <trans lang='en'>
      <word>something</word>
    </trans>
    <trans lang='ja'>
      <word>何か</word>
      <alt>なにか</alt>
    </trans>
    
  <trans lang='es'>
      <word>algo</word>
    </trans>
  </term>
  <term id='43'>
    <trans lang='en'>
      <word>and, and</word>
    </trans>
    <trans lang='ja'>
      <word>や</word>
      <alt>や</alt>
    </trans>
    
  <trans lang='es'>
      <word>y...y...(etc)</word>
    </trans>
  </term>
  <term id='44'>
    <trans lang='en'>
      <word>etc.</word>
    </trans>
    <trans lang='ja'>
      <word>等</word>
      <alt>など</alt>
    </trans>
    
  <trans lang='es'>
      <word>(y...y...) etcétera</word>
    </trans>
  </term>
</glossary>

